Player,#,Selections[c],Notes,Reference
Kareem Abdul-Jabbar*,19,1970â€“1977; 1979â€“1989,Missed 1973[8] game,[9]
Kobe Bryant*,18,1998; 2000â€“2016,"Missed 2010,[10] 2014,[11] and 2015[12] games",[13]
LeBron James^,17,2005â€“2021,,[14]
Tim Duncan*,15,1998; 2000â€“2011; 2013; 2015,,[15]
Kevin Garnett*,15,1997â€“1998; 2000â€“2011; 2013,Missed 2008[16] game,[17]
Shaquille O'Neal*,15,1993â€“1998; 2000â€“2007; 2009,"Missed 1997,[18] 2001,[19] and 2002[20] games",[21]
Michael Jordan*,14,1985â€“1993; 1996â€“1998; 2002â€“2003,Missed 1986[22] game,[23]
Karl Malone*,14,1988â€“1998; 2000â€“2002,Missed 1990[24] and 2002[20] games,[25]
Dirk Nowitzkiâ ,14,2002â€“2012; 2014â€“2015; 2019,,[26]
Jerry West*,14,1961â€“1974,Missed 1969[27] and 1974[28] games,[29]
Wilt Chamberlain*,13,1960â€“1969; 1971â€“1973,,[30]
Bob Cousy*,13,1951â€“1963,,[31]
John Havlicek*,13,1966â€“1978,,[32]
Dwyane Wadeâ ,13,2005â€“2016; 2019,Missed 2015[12] game,[33]
Larry Bird*,12,1980â€“1988; 1990â€“1992,Missed 1991[34] and 1992[35] games,[36]
Elvin Hayes*,12,1969â€“1980,,[37]
Magic Johnson*,12,1980; 1982â€“1992,Missed 1989[38] game,[39]
Moses Malone*,12,1978â€“1989,Missed 1984[40] game; also a one-time ABA All-Star,[41]
Hakeem Olajuwon*,12,1985â€“1990; 1992â€“1997,,[42]
Oscar Robertson*,12,1961â€“1972,,[43]
Bill Russell*,12,1958â€“1969,,[44]
Dolph Schayes*,12,1951â€“1962,Missed 1952[45] game,[46]
Isiah Thomas*,12,1982â€“1993,Missed 1991[34] game,[47]
Charles Barkley*,11,1987â€“1997,Missed 1994[48] and 1997[18] games,[49]
Elgin Baylor*,11,1959â€“1965; 1967â€“1970,,[50]
Chris Bosh ,11,2006â€“2016,Missed 2009[51] and 2016[52]  games,[53]
Kevin Durant^,11,2010â€“2019; 2021,Missed 2021 game,[54]
Julius Erving*,11,1977â€“1987,Also a five-time ABA All-Star,[55]
Patrick Ewing*,11,1986; 1988â€“1997,Missed 1986[22] and 1997[18] games,[56]
Allen Iverson*,11,2000â€“2010,Missed 2007[57] and 2010[10] games,[58]
Chris Paul^,11,2008â€“2016; 2020â€“2021,Missed 2010[10] game,[59]
Bob Pettit*,11,1955â€“1965,,[60]
Ray Allen*,10,2000â€“2002; 2004â€“2009; 2011,,[61]
Carmelo Anthony^,10,2007â€“2008; 2010â€“2017,,[62]
Paul Arizin*,10,1951â€“1952; 1955â€“1962,Missed 1960[63] game,[64]
Clyde Drexler*,10,1986; 1988â€“1994; 1996â€“1997,Missed 1997[18] game,[65]
Hal Greer*,10,1961â€“1970,,[66]
Jason Kidd*,10,1996; 1998; 2000â€“2004; 2007â€“2008; 2010,Missed 2007[57] game,[67]
Paul Pierce,10,2002â€“2006; 2008â€“2012,,[68]
David Robinson*,10,1990â€“1996; 1998; 2000â€“2001,,[69]
John Stockton*,10,1989â€“1997; 2000,,[70]
George Gervin*,9,1977â€“1985,Also a three-time ABA All-Star,[71]
James Harden^,9,2013â€“2021,,[72]
Robert Parish*,9,1981â€“1987; 1990â€“1991,,[73]
Gary Payton*,9,1994â€“1998; 2000â€“2003,,[74]
Russell Westbrook^,9,2011â€“2013; 2015â€“2020,,[75]
Lenny Wilkens*,9,1963â€“1965; 1967â€“1971; 1973,,[76]
Dominique Wilkins*,9,1986â€“1994,Missed 1992[35] game,[77]
Rick Barry*,8,1966â€“1967; 1973â€“1978,Missed 1973[8] game; also a four-time ABA All-Star,[78]
Vince Carter,8,2000â€“2007,Missed 2002[20] game,[79]
Dave Cowens*,8,1972â€“1978; 1980,Missed 1977[80] and 1980[81] games,[82]
Anthony Davis^,8,2014â€“2021,Missed 2015[12] and 2021 games[83],[84]
Dave DeBusschere*,8,1966â€“1968; 1970â€“1974,,[85]
Alex English*,8,1982â€“1989,,[86]
Larry Foust,8,1951â€“1956; 1958â€“1959,Missed 1952[45] game,[87]
Dwight Howard^,8,2007â€“2014,,[88]
Bob Lanier*,8,1972â€“1975; 1977â€“1979; 1982,,[89]
Dikembe Mutombo*,8,1992; 1995â€“1998; 2000â€“2002,,[90]
Steve Nash*,8,2002â€“2003; 2005â€“2008; 2010; 2012,Missed 2007[57] game,[91]
Bill Sharman*,8,1953â€“1960,,[92]
Yao Ming*,8,2003â€“2009; 2011,Missed 2007[57] and 2011[93] games,[94]
LaMarcus Aldridgeâ,7,2012â€“2016; 2018â€“2019,,[95]
Dave Bing*,7,1968â€“1969; 1971; 1973â€“1976,,[96]
Stephen Curry^,7,2014â€“2019; 2021,,[97]
Walt Frazier*,7,1970â€“1976,,[98]
Harry Gallatin*,7,1951â€“1957,,[99]
Paul George^,7,2013â€“2014; 2016â€“2019; 2021,,[100]
Grant Hill*,7,1995â€“1998; 2000â€“2001; 2005,Missed 2001[19] game,[101]
Kyrie Irving^,7,2013â€“2015; 2017â€“2019; 2021,,[102]
Joe Johnsonâ,7,2007â€“2012; 2014,Missed 2012[103] game,[104]
Jerry Lucas*,7,1964â€“1969; 1971,,[105]
Ed Macauley*,7,1951â€“1957,,[106]
Slater Martin*,7,1953â€“1959,,[107]
Tracy McGrady*,7,2001â€“2007,,[108]
Dick McGuire*,7,1951â€“1952; 1954â€“1956; 1958â€“1959,,[109]
Kevin McHale*,7,1984; 1986â€“1991,,[110]
Alonzo Mourning*,7,1994â€“1997; 2000â€“2002,"Missed 1994,[48] 1997,[18] and 2001[19] games",[111]
Scottie Pippen*,7,1990; 1992â€“1997,,[112]
Willis Reed*,7,1965â€“1971,,[113]
Jack Sikma*,7,1979â€“1985,,[114]
Nate Thurmond*,7,1965â€“1968; 1970; 1973â€“1974,Missed 1968[115] and 1970[116] games,[117]
Chet Walker*,7,1964; 1966â€“1967; 1970â€“1971; 1973â€“1974,,[118]
Jo Jo White*,7,1971â€“1977,,[119]
James Worthy*,7,1986â€“1992,,[120]
Nate Archibald*,6,1973; 1975â€“1976; 1980â€“1982,,[121]
Larry Costello,6,1958â€“1962; 1965,Missed 1962[122] game,[123]
Adrian Dantley*,6,1980â€“1982; 1984â€“1986,,[124]
Walter Davis,6,1978â€“1981; 1984; 1987,,[125]
Joe Dumars*,6,1990â€“1993; 1995; 1997,,[126]
Pau Gasol,6,2006; 2009â€“2011; 2015â€“2016,,[127]
Artis Gilmore*,6,1978â€“1979; 1981â€“1983; 1986,Also a five-time ABA All-Star,[128]
Blake Griffin^,6,2011â€“2015; 2019,Missed 2015[12] game,[129]
Richie Guerin*,6,1958â€“1963,,[130]
Tom Heinsohn*,6,1957; 1961â€“1965,Missed 1965[131] game,[132]
Bailey Howell*,6,1961â€“1964; 1966â€“1967,,[133]
Lou Hudson,6,1969â€“1974,,[134]
Neil Johnston*,6,1953â€“1958,,[135]
Shawn Kemp,6,1993â€“1998,,[136]
Damian Lillard^,6,2014â€“2015; 2018â€“2021,Missed 2020 game,[137]
Kyle Lowry^,6,2015â€“2020,,[138]
Vern Mikkelsen*,6,1951â€“1953; 1955â€“1957,,[139]
Jermaine O'Neal,6,2002â€“2007,Missed 2006[140] game,[141]
Tony Parker,6,2006â€“2007; 2009; 2012â€“2014,,[142]
Mitch Richmond*,6,1993â€“1998,Missed 1993[143] game,[144]
Amar'e Stoudemire,6,2005; 2007â€“2011,,[145]
Jack Twyman*,6,1957â€“1960; 1962â€“1963,,[146]
George Yardley*,6,1955â€“1960,,[147]
Giannis Antetokounmpo^,5,2017â€“2021,,[148]
Chauncey Billups,5,2006â€“2010,,[149]
Carl Braun*,5,1953â€“1957,Missed 1956[150] game,[151]
Jimmy Butler^,5,2015â€“2018; 2020,Missed 2016[52] game,[152]
Brad Daugherty,5,1988â€“1989; 1991â€“1993,,[153]
Wayne Embry*,5,1961â€“1965,Missed 1963[154] game; inducted as a contributor,[155]
Tom Gola*,5,1960â€“1964,Missed 1962[122] game,[156]
Gail Goodrich*,5,1969; 1972â€“1975,,[157]
Cliff Hagan*,5,1958â€“1962,Missed 1958[158] game; also a one-time ABA All-Star,[159]
Tim Hardaway,5,1991â€“1993; 1997â€“1998,,[160]
Al Horford^,5,2010â€“2011; 2015â€“2016; 2018,,[161]
Dennis Johnson*,5,1979â€“1982; 1985,,[162]
Gus Johnson*,5,1965; 1968â€“1971,,[163]
Marques Johnson,5,1979â€“1981; 1983; 1986,,[164]
Sam Jones*,5,1962; 1964â€“1966; 1968,,[165]
Rudy LaRusso,5,1962â€“1963; 1966; 1968â€“1969,Missed 1962[122] game,[166]
Kawhi Leonard^,5,2016â€“2017; 2019â€“2021,,[167]
Kevin Love^,5,2011â€“2012; 2014; 2017â€“2018,Missed 2017[168] and 2018[169] games,[170]
Pete Maravich*,5,1973â€“1974; 1977â€“1979,Missed 1978[171] game,[172]
Bob McAdoo*,5,1974â€“1978,,[173]
Reggie Miller*,5,1990; 1995â€“1996; 1998; 2000,,[174]
Sidney Moncrief*,5,1982â€“1986,,[175]
Chris Mullin*,5,1989â€“1993,Missed 1993[143] game,[176]
Don Ohl,5,1963â€“1967,,[177]
Andy Phillip*,5,1951â€“1955,,[178]
Gene Shue,5,1958â€“1962,,[179]
Klay Thompson^,5,2015â€“2019,,[180]
Rudy Tomjanovich,5,1974â€“1977; 1979,,[181]
Wes Unseld*,5,1969; 1971â€“1973; 1975,,[182]
John Wall^,5,2014â€“2018,Missed 2018[169] game,[183]
Bobby Wanzer*,5,1952â€“1956,,[184]
Chris Webber,5,1997; 2000â€“2003,Missed 2003[185] game,[186]
Paul Westphal*,5,1977â€“1981,,[187]
Vin Baker,4,1995â€“1998,,[188]
Walt Bellamy*,4,1962â€“1965,,[189]
Otis Birdsong,4,1979â€“1981; 1984,,[190]
Rolando Blackman,4,1985â€“1987; 1990,,[191]
Tom Chambers,4,1987; 1989â€“1991,,[192]
Maurice Cheeks*,4,1983; 1986â€“1988,,[193]
Doug Collins,4,1976â€“1979,Missed 1979[194] game,[195]
DeMarcus Cousins^,4,2015â€“2018,Missed 2018[169] game,[196]
Billy Cunningham*,4,1969â€“1972,Also a one-time ABA All-Star,[197]
Bob Dandridge,4,1973; 1975â€“1976; 1979,,[198]
Bob Davies*,4,1951â€“1954,,[199]
DeMar DeRozan^,4,2014; 2016â€“2018,,[200]
Joel Embiid^,4,2018â€“2021,Missed 2021 game [201],[202]
Dick Garmaker,4,1957â€“1960,,[203]
Johnny Green,4,1962â€“1963; 1965; 1971,,[204]
Penny Hardaway,4,1995â€“1998,,[205]
Connie Hawkins*,4,1970â€“1973,Also a one-time ABA All-Star,[206]
Spencer Haywood*,4,1972â€“1975,Also a one-time ABA All-Star,[207]
Mel Hutchins,4,1953â€“1954; 1956â€“1957,,[208]
Bobby Jones*,4,1977â€“1978; 1981â€“1982,Also a two-time ABA All-Star,[209]
Bernard King*,4,1982; 1984â€“1985; 1991,,[210]
Bill Laimbeer,4,1983â€“1985; 1987,,[211]
Clyde Lovellette*,4,1956â€“1957; 1960â€“1961,,[212]
Maurice Lucas,4,1977â€“1979; 1983,Also a one-time ABA All-Star,[213]
Shawn Marion,4,2003; 2005â€“2007,,[214]
George Mikan*,4,1951â€“1954,,[215]
Paul Millsap^,4,2014â€“2017,,[216]
Earl Monroe*,4,1969; 1971; 1975; 1977,,[217]
Willie Naulls,4,1958; 1960â€“1962,,[218]
Jim Pollard*,4,1951â€“1952; 1954â€“1955,,[219]
Mark Price,4,1989; 1992â€“1994,,[220]
Micheal Ray Richardson,4,1980â€“1982; 1985,,[221]
Arnie Risen*,4,1952â€“1955,Missed 1955[222] game,[223]
Alvin Robertson,4,1986â€“1988; 1991,,[224]
Guy Rodgers*,4,1963â€“1964; 1966â€“1967,,[225]
Rajon Rondo^,4,2010â€“2013,Missed 2013[226] game,[227]
Ralph Sampson*,4,1984â€“1987,Missed 1987[228] game,[229]
Latrell Sprewell,4,1994â€“1995; 1997; 2001,,[230]
David Thompson*,4,1977â€“1979; 1983,Also a one-time ABA All-Star,[231]
Kemba Walker^,4,2017â€“2020,,[232]
Ben Wallace,4,2003â€“2006,,[233]
Rasheed Wallace,4,2000â€“2001; 2006; 2008,,[234]
Sidney Wicks,4,1972â€“1975,,[235]
Mark Aguirre,3,1984; 1987â€“1988,,[236]
Gilbert Arenas,3,2005â€“2007,,[237]
Bradley Beal^,3,2018â€“2019; 2021,,[238]
Bill Bridges,3,1967â€“1968; 1970,,[239]
Phil Chenier,3,1974â€“1975; 1977,,[240]
Terry Dischinger,3,1963â€“1965,,[241]
Steve Francis,3,2002â€“2004,,[242]
Marc Gasol^,3,2012; 2015; 2017,,[243]
Draymond Green^,3,2016â€“2018,,[244]
Richard Hamilton,3,2006â€“2008,,[245]
Kevin Johnson,3,1990â€“1991; 1994,,[246]
Nikola Joki_^,3,2019â€“2021,,[247]
Eddie Jones,3,1997â€“1998; 2000,,[248]
Bob Kauffman,3,1971â€“1973,,[249]
Johnny Kerr,3,1956; 1959; 1963,,[250]
Bob Love,3,1971â€“1973,,[251]
Dan Majerle,3,1992â€“1993; 1995,,[252]
George McGinnis*,3,1976â€“1977; 1979,Also a three-time ABA All-Star,[253]
Jeff Mullins,3,1969â€“1971,,[254]
Larry Nance,3,1985; 1989; 1993,,[255]
Glen Rice,3,1996â€“1998,,[256]
Derrick Rose^,3,2010â€“2012,,[257]
Dan Roundfield,3,1980â€“1982,Missed 1981[258] and 1982[259] games,[260]
Brandon Roy,3,2008â€“2010,Missed 2010[10] game,[261]
Detlef Schrempf,3,1993; 1995; 1997,,[262]
Charlie Scott*,3,1973â€“1975,Also a two-time ABA All-Star,[263]
Paul Seymour,3,1953â€“1955,,[264]
Ben Simmons^,3,2019â€“2021,Missed 2021 game [201],[265]
Peja Stojakovi_,3,2002â€“2004,,[266]
Maurice Stokes*,3,1956â€“1958,,[267]
Dick Van Arsdale,3,1969â€“1971,,[268]
Tom Van Arsdale,3,1970â€“1972,,[269]
Norm Van Lier,3,1974; 1976â€“1977,,[270]
Antoine Walker,3,1998; 2002â€“2003,,[271]
Jamaal Wilkes*,3,1976; 1981; 1983,,[272]
Buck Williams,3,1982â€“1983; 1986,,[273]
Deron Williams,3,2010â€“2012,,[274]
Leo Barnhorst,2,1952â€“1953,,[275]
Zelmo Beaty*,2,1966; 1968,Also a three-time ABA All-Star,[276]
Devin Booker^,2,2020â€“2021,Missed 2021 game,[277]
Carlos Boozer,2,2007â€“2008,Missed 2007[57] game,[278]
Elton Brand,2,2002; 2006,,[279]
Terrell Brandon,2,1996â€“1997,,[280]
Frank Brian,2,1951â€“1952,,[281]
Caron Butler,2,2007â€“2008,Missed 2008[16] game,[282]
Joe Caldwell,2,1969â€“1970,Also a two-time ABA All-Star,[283]
Archie Clark,2,1968; 1972,,[284]
Terry Cummings,2,1985; 1989,,[285]
Baron Davis,2,2002; 2004,,[286]
Luol Deng,2,2012â€“2013,,[287]
Luka Don_i_^,2,2020â€“2021,,[288]
John Drew,2,1976; 1980,,[289]
Andre Drummond^,2,2016; 2018,,[290]
Kevin Duckworth,2,1989; 1991,,[291]
Walter Dukes,2,1960â€“1961,,[292]
Dwight Eddleman,2,1951â€“1952,,[293]
Sean Elliott,2,1993; 1996,,[294]
Michael Finley,2,2000â€“2001,,[295]
Joe Fulks*,2,1951â€“1952,,[296]
Jack George,2,1956â€“1957,,[297]
Manu Gin—bili,2,2005; 2011,,[298]
Rudy Gobert^,2,2020â€“2021,,[299]
Roy Hibbertâ ,2,2012; 2014,,[300]
Allan Houston,2,2000â€“2001,,[301]
Rod Hundley,2,1960â€“1961,,[302]
Zydrunas Ilgauskas,2,2003; 2005,,[303]
Antawn Jamison,2,2005; 2008,,[304]
Eddie Johnson,2,1980â€“1981,,[305]
John Johnson,2,1971â€“1972,,[306]
Larry Johnson,2,1993; 1995,,[307]
Larry Kenon,2,1978â€“1979,Also a three-time ABA All-Star,[308]
Don Kojis,2,1968â€“1969,,[309]
David Lee ,2,2010; 2013,,[310]
Fat Lever,2,1988; 1990,,[311]
Rashard Lewis,2,2005; 2009,,[312]
Jeff Malone,2,1986â€“1987,,[313]
Danny Manning,2,1993â€“1994,,[314]
Stephon Marbury,2,2001; 2003,,[315]
Jack Marin,2,1972â€“1973,,[316]
Khris Middleton^,2,2019â€“2020,,[317]
Brad Miller,2,2003â€“2004,,[318]
Donovan Mitchell^,2,2020â€“2021,,[319]
Norm Nixon,2,1982; 1985,,[320]
Joakim Noah,2,2013â€“2014,,[321]
Victor Oladipo^,2,2018â€“2019,Missed 2019 [322] game,[323]
Jim Paxson,2,1983â€“1984,,[324]
Geoff Petrie,2,1971; 1974,,[325]
Terry Porter,2,1991; 1993,,[326]
Zach Randolph ,2,2010; 2013,,[327]
Glenn Robinson,2,2000â€“2001,,[328]
Truck Robinson,2,1978; 1981,,[329]
Red Rocha,2,1951â€“1952,,[330]
Dennis Rodman*,2,1990; 1992,,[331]
Jeff Ruland,2,1984â€“1985,Missed 1985[332] game,[333]
Domantas Sabonis^,2,2020â€“2021,,[334]
Fred Scolari,2,1952â€“1953,Missed 1953[335] game,[336]
Ken Sears,2,1958â€“1959,,[337]
Frank Selvy,2,1955; 1962,,[338]
Paul Silas,2,1972; 1975,,[339]
Jerry Sloan,2,1967; 1969,,[340]
Phil Smith,2,1976â€“1977,,[341]
Randy Smith,2,1976; 1978,,[342]
Jerry Stackhouse,2,2000â€“2001,,[343]
Jayson Tatum^,2,2020â€“2021,,[344]
Reggie Theus,2,1981; 1983,,[345]
Isaiah Thomas,2,2016â€“2017,,[346]
Andrew Toney,2,1983â€“1984,,[347]
Karl-Anthony Towns^,2,2018â€“2019,,[348]
Kelly Tripucka,2,1982; 1984,,[349]
Kiki Vandeweghe,2,1983â€“1984,,[350]
Nikola Vu_evi_^,2,2019; 2021,,[351]
Jimmy Walker,2,1970; 1972,,[352]
Bill Walton*,2,1977â€“1978,Missed 1977[80] game,[353]
Scott Wedman,2,1976; 1980,Missed 1980[81] game,[354]
David West,2,2008â€“2009,,[355]
Gus Williams,2,1982â€“1983,,[356]
Brian Winters,2,1976; 1978,,[357]
Shareef Abdur-Rahim,1,2002,,[358]
Alvan Adams,1,1976,,[359]
Michael Adams,1,1992,,[360]
Bam Adebayo^,1,2020,,[361]
Danny Ainge,1,1988,,[362]
Kenny Anderson,1,1994,,[363]
B. J. Armstrong,1,1994,,[364]
Don Barksdale*,1,1953,Inducted as a contributor,[365]
Dick Barnett,1,1968,,[366]
Dana Barros,1,1995,,[367]
Butch Beard,1,1972,,[368]
Ralph Beard,1,1951,,[369]
Mookie Blaylock,1,1994,,[370]
John Block,1,1973,,[371]
Bob Boozer,1,1968,,[372]
Vince Boryla,1,1951,,[373]
Bill Bradley*,1,1973,,[374]
Fred Brown,1,1976,,[375]
Jaylen Brown^,1,2021,,[376]
Don Buse,1,1977,Also a one-time ABA All-Star,[377]
Andrew Bynum,1,2012,,[378]
Austin Carr,1,1974,,[379]
Joe Barry Carroll,1,1987,,[380]
Bill Cartwright,1,1980,,[381]
Sam Cassell,1,2004,,[382]
Cedric Ceballos,1,1995,Missed 1995[383] game,[384]
Tyson Chandler^,1,2013,,[385]
Len Chappell,1,1964,,[386]
Nathaniel Clifton*,1,1957,,[387]
Derrick Coleman,1,1994,,[388]
Jack Coleman,1,1955,,[389]
Mike Conley^,1,2021,,[390]
Antonio Davis,1,2001,,[391]
Dale Davis,1,2000,,[392]
Vlade Divac*,1,2001,,[393]
James Donaldson,1,1988,,[394]
Goran Dragi_^,1,2018,,[395]
Mark Eaton,1,1989,,[396]
Dale Ellis,1,1989,,[397]
Ray Felix,1,1954,,[398]
Sleepy Floyd,1,1987,,[399]
World B. Free,1,1980,,[400]
Billy Gabor,1,1953,,[401]
Chris Gatling,1,1997,,[402]
Danny Granger,1,2009,,[403]
Horace Grant,1,1994,,[404]
A. C. Green,1,1990,,[405]
Rickey Green,1,1984,,[406]
Alex Groza,1,1951,,[407]
Tom Gugliotta,1,1997,,[408]
Devin Harris,1,2009,,[409]
Bob Harrison,1,1956,,[410]
Hersey Hawkins,1,1991,,[411]
Gordon Hayward^,1,2017,,[412]
Walt Hazzard,1,1968,,[413]
Tyrone Hill,1,1995,,[414]
Jrue Holiday^,1,2013,,[415]
Lionel Hollins,1,1978,,[416]
Jeff Hornacek,1,1992,,[417]
Josh Howard,1,2007,,[418]
Juwan Howard,1,1996,,[419]
Andre Iguodala^,1,2012,,[420]
Darrall Imhoff,1,1967,,[421]
Brandon Ingram^,1,2020,,[422]
Dan Issel*,1,1977,Also a six-time ABA All-Star,[423]
Lucious Jackson,1,1965,,[424]
Mark Jackson,1,1989,,[425]
Steve Johnson,1,1988,Missed 1988[426] game,[427]
DeAndre Jordan^,1,2017,,[428]
Chris Kaman,1,2010,,[429]
Jim King,1,1968,,[430]
Andrei Kirilenko,1,2004,,[431]
Billy Knight,1,1977,Also a one-time ABA All-Star,[432]
Kyle Korver,1,2015,,[433]
Sam Lacey,1,1975,,[434]
Christian Laettner,1,1997,,[435]
Zach LaVine^,1,2021,,[436]
Clyde Lee,1,1968,,[437]
Reggie Lewis,1,1992,,[438]
Brook Lopez^,1,2013,,[439]
Jamaal Magloire,1,2004,,[440]
Kenyon Martin,1,2004,,[441]
Jamal Mashburn,1,2003,,[442]
Anthony Mason,1,2001,,[443]
Xavier McDaniel,1,1988,,[444]
Antonio McDyess,1,2001,,[445]
Jon McGlocklin,1,1969,,[446]
Tom Meschery,1,1963,,[447]
Eddie Miles,1,1966,,[448]
Mike Mitchell,1,1981,,[449]
Steve Mix,1,1975,,[450]
Jack Molinas,1,1954,Missed 1954[451] game,[452]
Calvin Murphy*,1,1979,,[453]
Calvin Natt,1,1985,,[454]
Jameer Nelson,1,2009,Missed 2009[51] game,[455]
Chuck Noble,1,1960,,[456]
Charles Oakley,1,1994,,[457]
Mehmet Okur,1,2007,,[458]
Ricky Pierce,1,1991,,[459]
Kristaps Porzi__is^,1,2018,Missed 2018[169] game,[460]
Jim Price,1,1975,,[461]
Julius Randle^,1,2021,,[462]
Theo Ratliff,1,2001,Missed 2001[19] game,[463]
Michael Redd,1,2004,,[464]
Richie Regan,1,1957,,[465]
Doc Rivers,1,1988,,[466]
Clifford Robinson,1,1994,,[467]
Flynn Robinson,1,1970,,[468]
Curtis Rowe,1,1976,,[469]
Bob Rule,1,1970,,[470]
Campy Russell,1,1979,,[471]
Cazzie Russell,1,1972,,[472]
D'Angelo Russell^,1,2019,,[473]
Woody Sauldsberry,1,1959,,[474]
Fred Schaus,1,1951,,[475]
Lee Shaffer,1,1963,,[476]
Lonnie Shelton,1,1982,,[477]
Pascal Siakam^,1,2020,,[478]
Adrian Smith,1,1966,,[479]
Steve Smith,1,1998,,[480]
Rik Smits,1,1998,,[481]
John Starks,1,1994,,[482]
Don Sunderlage,1,1954,,[483]
Wally Szczerbiak,1,2002,,[484]
Jeff Teague^,1,2015,,[485]
Otis Thorpe,1,1992,,[486]
Nick Van Exel,1,1998,,[487]
Gerald Wallace,1,2010,,[488]
Paul Walther,1,1952,,[489]
Kermit Washington,1,1980,,[490]
Jayson Williams,1,1998,,[491]
Mo Williams,1,2009,,[492]
Zion Williamson^,1,2021,,[493]
Kevin Willis,1,1992,,[494]
Metta World Peace,1,2004,,[495]
Trae Young^,1,2020,,[496]
Max Zaslofsky,1,1952,,[497]